question_clean	answer_rationale
List the complications of intrauterine contraceptive Devices	Intrauterine Contraceptive Devices (IUCDs) are generally safe and effective, but like any medical device, they can cause complications. Here are some possible complications of IUCDs:    1. _Perforation_: The IUCD can puncture the uterus, which can lead to infection, adhesions, or damage to surrounding organs.    2. _Expulsion_: The IUCD can be pushed out of the uterus, making it ineffective.    3. _Infection_: Bacterial infection, such as pelvic inflammatory disease (PID), can occur.    4. _Bleeding and spotting_: Irregular bleeding, spotting, or heavy menstrual bleeding can occur.    5. _Cramping_: Mild to severe cramps can occur during or after insertion.    6. _Allergic reaction_: Rarely, an allergic reaction to the materials used in the IUCD can occur.    7. _Embedment_: The IUCD can become embedded in the uterine wall, making removal difficult.    8. _Pregnancy complications_: If pregnancy occurs with an IUCD in place, there's a higher risk of ectopic pregnancy, miscarriage, or preterm labor.    9. _Uterine damage_: The IUCD can cause uterine damage, such as adhesions or scarring.    10. _Difficulty removing the IUCD_: The IUCD can be difficult to remove, which may require surgical intervention.    11. _Hormonal side effects_ (for hormonal IUCDs): Mood changes, breast tenderness, acne, or weight gain can occur.    12. _String problems_: The strings attached to the IUCD can cause discomfort, bleeding, or expulsion.
What are the complications of twin gestation	Twin gestation, also known as twin pregnancy, carries a higher risk of complications compared to singleton pregnancies. Some potential complications include:    1. _Preterm labor_: Twins are often born prematurely, which can lead to respiratory and other health issues.  2. _Low birth weight_: Twins tend to have lower birth weights, increasing the risk of health problems.  3. _Preeclampsia_: High blood pressure during pregnancy, which can lead to serious complications.  4. _Gestational diabetes_: High blood sugar levels during pregnancy, increasing the risk of complications.  5. _Placental abruption_: Separation of the placenta from the uterus, which can deprive the babies of oxygen and nutrients.  6. _Fetal growth restriction_: Slow growth of one or both twins, increasing the risk of health problems.  7. _Twin-to-twin transfusion syndrome (TTTS)_*: Unequal sharing of blood between twins, leading to complications.  8. _Cord entanglement_*: Twins can become entangled in each other's umbilical cords, potentially causing distress.  9. _Postpartum hemorrhage_*: Excessive bleeding after delivery, which can be life-threatening.  10. _Maternal mortality_*: Higher risk of death during pregnancy, childbirth, or postpartum.  11. _Cesarean delivery_*: Increased likelihood of needing a C-section.  12. _Breastfeeding challenges_*: Managing breastfeeding for twins can be difficult.  13. _Emotional stress_*: Caring for twins can be emotionally overwhelming.  14. _Financial strain_*: Raising twins can be costly.
List the ways in which adhesions are prevented during myomectomy	To prevent adhesions during myomectomy, the following methods are employed:    1. *Good surgical technique*: Meticulous dissection, minimal tissue handling, and precise suturing reduce tissue trauma.    2. *Electrocautery*: Using electrocautery judiciously to minimize tissue damage.    3. *Irrigation*: Continuous irrigation with saline solution to remove debris and prevent tissue drying.    4. *Adhesion barriers*: Applying adhesion barriers like oxidized regenerated cellulose (ORC) or hyaluronic acid to separate tissues.    5. *Microsurgical techniques*: Using microsurgical instruments and magnification to minimize tissue trauma.    6. *Tissue sealing*: Using tissue-sealing devices to reduce bleeding and promote healing.    7. *Intraoperative corticosteroids*: Administering corticosteroids to reduce inflammation.    8. *Postoperative pain management*: Effective pain control to reduce postoperative inflammation.    9. *Early mobilization*: Encouraging early mobilization to prevent tissue stagnation.    10. *Avoiding unnecessary dissection*: Limiting dissection to the essential areas to prevent unnecessary tissue trauma.    11. *Using adhesion-reducing agents*: Applying agents like Interceed or Seprafilm to reduce adhesion formation.    12. *Maintaining normothermia*: Keeping the patient's temperature normal to promote optimal tissue healing
What are the non contraceptive benefits of oral contraceptives	Oral contraceptives (OCs) have several non-contraceptive benefits, including:    1. _Regulation of menstrual cycles_: OCs can help regulate menstrual cycles, reducing the frequency and severity of menstrual cramps, bloating, and mood swings.    2. _Reduction of menstrual bleeding_: OCs can decrease menstrual bleeding, reducing the risk of iron-deficiency anemia.    3. _Relief from premenstrual syndrome (PMS)_: OCs can alleviate PMS symptoms, such as breast tenderness, mood swings, and bloating.    4. _Treatment of acne_: OCs can help reduce acne by decreasing androgen hormones.    5. _Reduction of risk of ovarian cysts_: OCs can reduce the risk of ovarian cysts and torsion.    6. _Reduction of risk of endometrial and ovarian cancer_: Long-term use of OCs can reduce the risk of endometrial and ovarian cancer.    7. _Relief from dysmenorrhea_: OCs can help alleviate painful menstrual cramps.    8. _Treatment of hirsutism_: OCs can help reduce excessive hair growth in women with hirsutism.    9. _Relief from migraines_: Some OCs can help reduce the frequency and severity of migraines.    10. _Improved bone density_: OCs can help improve bone density, reducing the risk of osteoporosis.    11. _Reduced risk of ectopic pregnancy_: OCs can reduce the risk of ectopic pregnancy.    12. _Improved menstrual hygiene_: OCs can help reduce menstrual bleeding, making it easier to manage menstruation.    These non-contraceptive benefits make OCs a valuable option for many women, even if they are not seeking contraception.
List the causes of Nipple Retraction and treatment	Causes of nipple retraction include:    1. _Breastfeeding difficulties_: Poor latching or sucking technique can cause nipple retraction.  2. _Breast engorgement_: Swelling of the breast tissue can push the nipple inward.  3. _Mastitis_: Breast infection can cause nipple retraction.  4. _Ductal ectasia_: Widening of the milk ducts can lead to nipple retraction.  5. _Breast cancer_: In rare cases, nipple retraction can be a symptom of breast cancer.  6. _Surgery or trauma_: Injury or surgery can cause scarring, leading to nipple retraction.  7. _Genetic predisposition_: Some women may be born with naturally inverted nipples.    Symptoms of nipple retraction include:    - Nipple is pulled inward or recessed  - Difficulty breastfeeding or latching  - Pain or discomfort  - Redness or swelling  - Discharge or bleeding    Treatment for nipple retraction depends on the underlying cause and may include:    - Breastfeeding support and guidance  - Nipple shields or shells  - Manual expression or pumping  - Antibiotics for infection  - Surgery in severe cases
Define Nipple Retraction	Nipple retraction, also known as nipple inversion or invaginated nipple, is a condition where the nipple is pulled inward, becoming recessed or retracted into the breast tissue. This can occur in one or both breasts.
Define breast engorgement and state the causes commonly seen in Africa	Breast engorgement is a condition where the breasts become swollen, tender, and painful due to an accumulation of milk, blood, and other fluids. This can occur in lactating women, especially during the early days of breastfeeding.    Common causes of breast engorgement in Africa include:    1. _Delayed breastfeeding initiation_: Not breastfeeding immediately after delivery can lead to milk accumulation and engorgement.  2. _Infrequent breastfeeding_: Not breastfeeding frequently enough can cause milk to build up and lead to engorgement.  3. _Poor latching technique_: Incorrect latching can lead to ineffective milk removal, causing engorgement.  4. _Overproduction of milk_: Some women may produce more milk than their baby needs, leading to engorgement.  5. _Hormonal changes_: Fluctuations in hormone levels during the postpartum period can contribute to engorgement.  6. _Traditional practices_: Some traditional practices, such as tight binding or compression of the breasts, can restrict milk flow and lead to engorgement.  7. _Inadequate support_: Lack of proper breastfeeding support and guidance can contribute to engorgement.  8. _Mastitis_: Breast infection can cause engorgement, swelling, and pain.  9. _Blocked milk ducts_: Obstruction of milk ducts can lead to milk accumulation and engorgement.    In Africa, additional factors that may contribute to breast engorgement include:    1. _Cultural beliefs and practices_  2. _Limited access to breastfeeding support and education_  3. _High parity_ (having many children)  4. _Malnutrition_ or poor diet  5. _HIV/AIDS_ or other underlying medical conditions
Define induction of labour, and state methods for induction of labour	Induction of labor is the process of stimulating uterine contractions to help a woman's body begin labor, usually when there is a medical reason to deliver the baby. This can be done using various methods, including:    1. _Pharmacological induction_: Using medications like oxytocin, misoprostol, or dinoprostone to stimulate contractions.  2. _Mechanical induction_: Using techniques like breaking the water (amniotomy), inserting a Foley catheter, or applying gentle pressure to the cervix.  3. _Natural induction_: Using non-medical methods like nipple stimulation, walking, or sex to stimulate contractions.
State the parameters in the modified bishops score   And what way has it helped the practice of obstetrics amongst African doctors	The Modified Bishop Score (MBS) is a system used to assess the readiness of the cervix for induction of labor. The parameters are:    1. *Dilation* (0-3 points): 0 = closed, 1 = 1-2 cm, 2 = 3-4 cm, 3 = 5 cm or more  2. *Effacement* (0-3 points): 0 = 0-30%, 1 = 31-50%, 2 = 51-70%, 3 = 71% or more  3. *Station* (0-3 points): 0 = -3 or above, 1 = -2, 2 = -1 or 0, 3 = +1 or below  4. *Consistency* (0-2 points): 0 = firm, 1 = medium, 2 = soft  5. *Position* (0-2 points): 0 = posterior, 1 = mid-position, 2 = anterior    The total score ranges from 0 to 13 points.    The Modified Bishop Score has helped the practice of obstetrics amongst African doctors in several ways:    1. *Standardized assessment*: MBS provides a standardized way to assess cervical readiness, reducing variability in clinical decisions.  2. *Improved induction outcomes*: By identifying women with favorable cervical conditions, MBS helps doctors optimize induction timing, reducing the risk of failed inductions and complications.  3. *Reduced cesarean sections*: MBS helps doctors identify women who may not require cesarean sections, promoting vaginal deliveries and reducing surgical risks.  4. *Enhanced patient safety*: MBS guides doctors in making informed decisions about labor management, reducing the risk of maternal and fetal complications.  5. *Training and education*: MBS serves as a teaching tool, helping African doctors develop skills in cervical assessment and labor management.    By adopting the Modified Bishop Score, African doctors have improved their ability to manage labor and induction, leading to better outcomes for mothers and babies.
Define preeclampsia state it's complications and risk factors	Preeclampsia is a pregnancy complication characterized by:    1. High blood pressure (hypertension): Blood pressure ≥140/90 mmHg after 20 weeks of gestation.  2. Proteinuria: Presence of excess protein in the urine (≥300 mg in 24 hours).    Preeclampsia can lead to severe complications for both mother and baby, including:    1. Placental abruption  2. Premature birth  3. Low birth weight  4. Maternal organ damage (kidneys, liver, brain)  5. Seizures (eclampsia)  6. Stroke  7. Cardiovascular disease    Risk factors for preeclampsia include:    1. First pregnancy  2. History of preeclampsia in a previous pregnancy  3. Family history of preeclampsia  4. Multiple pregnancy  5. Chronic medical conditions (hypertension, diabetes, kidney disease)  6. Age ≥35 years
Define Rhesus Isoimmunization	Rhesus (Rh) isoimmunization is a condition that occurs when a woman with Rh-negative blood is exposed to Rh-positive blood, usually during pregnancy, childbirth, or blood transfusion. This exposure triggers an immune response, causing the woman's body to produce antibodies against the Rh-positive blood cells.
How has the use of partograph helped in reducing maternal mortality in African countries	The partograph has significantly contributed to reducing maternal mortality in African countries in several ways:    1. *Improved monitoring*: Partographs help healthcare providers track labor progress, identifying potential complications early.  2. *Early detection of abnormalities*: Partographs facilitate early detection of abnormal labor patterns, allowing for timely interventions.  3. *Reduced labor duration*: Partographs help healthcare providers manage labor more effectively, reducing prolonged labor.  4. *Increased access to emergency care*: Partographs facilitate timely referrals to emergency care when necessary.  5. *Enhanced decision-making*: Partographs provide a clear visual representation of labor progress, supporting informed decision-making.  6. *Improved communication*: Partographs facilitate communication among healthcare providers, ensuring continuity of care.  7. *Reduced postpartum hemorrhage*: Partographs help identify women at risk of postpartum hemorrhage, enabling early intervention.  8. *Increased accountability*: Partographs promote accountability among healthcare providers, ensuring that they follow established protocols.    By adopting partographs, African countries have seen a significant reduction in maternal mortality rates. According to the World Health Organization (WHO), the use of partographs has contributed to:    - A 50% reduction in maternal mortality in some African countries  - A 30% reduction in stillbirths  - A 25% reduction in neonatal mortality    The partograph is a simple, effective tool that has made a significant impact on maternal healthcare in Africa. Its continued use and promotion are essential for further reducing maternal mortality and improving healthcare outcomes.
List some obstetrics risk factors for anemia in pregnancy amongst Nigerian women	Obstetric risk factors for anemia in pregnancy amongst Nigerian women include:    1. _Multiple pregnancies_: Carrying twins or more increases the risk of anemia.  2. _High parity_: Having many children increases the risk of anemia.  3. _Short inter-pregnancy interval_: Less than two years between pregnancies increases the risk of anemia.  4. _Previous history of anemia_: Women who had anemia in previous pregnancies are at higher risk.  5. _Malaria_: Frequent malaria attacks increase the risk of anemia.  6. _HIV/AIDS_: Women with HIV/AIDS are more susceptible to anemia.  7. _Poor antenatal care_: Inadequate or infrequent prenatal check-ups increase the risk of anemia.  8. _Teenage pregnancy_: Adolescent pregnant women are at higher risk of anemia.  9. _Grand multiparity_: Women who have had many children (five or more) are at higher risk of anemia.  10. _History of postpartum hemorrhage_: Women who experienced excessive bleeding after previous deliveries are at higher risk of anemia.  11. _Chronic medical conditions_: Women with conditions like sickle cell disease, thalassemia, or chronic kidney disease are at higher risk of anemia.  12. _Poor nutrition and dietary habits_: Inadequate iron and folic acid intake increase the risk of anemia.  13. _Pregnancy-induced hypertension_: Women with high blood pressure during pregnancy are at higher risk of anemia.  14. _Placenta previa_: Women with placenta previa are at higher risk of anemia due to bleeding.  15. _Fetal growth restriction_: Women with fetal growth restriction are at higher risk of anemia.
What are the cardinal motions involved in the mechanism of labour	The cardinal motions involved in the mechanism of labor are:    1. *Engagement*: The fetal head enters the pelvis.  2. *Descent*: The fetal head moves downward through the pelvis.  3. *Flexion*: The fetal head flexes, or bends, as it moves through the pelvis.  4. *Internal Rotation*: The fetal head rotates to align with the mother's pelvis.  5. *Extension*: The fetal head extends, or straightens, as it crowns.  6. *External Rotation*: The fetal head rotates to align with the mother's pelvis after delivery.  7. *Expulsion*: The fetus is pushed out of the birth canal.    These cardinal motions help guide the fetus through the pelvis and birth canal during labor, ensuring a safe and successful delivery.
What are the medical and surgical treatment options for post partum hemorrhage	Medical treatment options for postpartum hemorrhage (PPH) include:    1. _Uterine massage_: Massaging the uterus to help control bleeding.  2. _Oxytocin_: Administering oxytocin to stimulate uterine contractions.  3. _Methylergometrine_: Using methylergometrine to induce uterine contractions.  4. _Prostaglandins_: Administering prostaglandins to stimulate uterine contractions.  5. _Tranexamic acid_: Using tranexamic acid to reduce bleeding.  6. _Fluid resuscitation_: Administering fluids and blood products to replace lost blood volume.  7. _Antibiotics_: Prescribing antibiotics to prevent infection.    Surgical treatment options for PPH include:    1. _Uterine artery ligation_: Ligating the uterine arteries to reduce blood flow.  2. _Internal iliac artery ligation_: Ligating the internal iliac arteries to reduce blood flow.  3. _B-Lynch suture_: Performing a B-Lynch suture to compress the uterus.  4. _Uterine tamponade_: Using a balloon or gauze to tamponade the uterus.  5. _Hysterectomy_: Performing a hysterectomy as a last resort to control bleeding.    Additional interventions may include:    1. _Intrauterine balloon tamponade_: Using a balloon to tamponade the uterus.  2. _Uterine packing_: Packing the uterus with gauze to control bleeding.  3. _Angiographic embolization_: Using angiographic embolization to occlude bleeding vessels.
What is the classical definition of post partum hemorrhage   State why it is common in Nigeria	The classical definition of postpartum hemorrhage (PPH) is:    - Bleeding from the genital tract exceeding 500 mL within the first 24 hours after spontaneous vagina delivery or 1000 mL following caesarean section    PPH is common in Nigeria due to various factors, including:    1. _Poor access to quality healthcare_: Limited availability of skilled healthcare providers, especially in rural areas.  2. _High prevalence of anemia_: Widespread anemia among pregnant women increases the risk of PPH.  3. _Hypertension and preeclampsia_: Common conditions in Nigerian pregnant women, increasing the risk of PPH.  4. _Multiple pregnancies and high parity_: Higher risk of PPH in women with multiple pregnancies or high parity.  5. _Traditional birth practices_: Home deliveries without skilled attendants, increasing the risk of PPH.  6. _Limited availability of blood transfusion services_: Inadequate blood supply and lack of compatible blood types.  7. _Poor infrastructure and transportation_: Delays in accessing healthcare facilities, especially in emergency situations.  8. _Lack of adequate training and equipment_: Healthcare providers may not have the necessary skills or equipment to manage PPH effectively.  9. _Cultural and socioeconomic factors_: Limited awareness, education, and financial resources contribute to the high incidence of PPH.  10. _High maternal mortality rate_: PPH is a leading cause of maternal mortality in Nigeria, highlighting the need for improved healthcare services.    Addressing these factors is crucial to reducing the incidence of PPH in Nigeria and improving maternal health outcomes.
State the Amsel criteria for bacterial vaginosis	The Amsel criteria for bacterial vaginosis (BV) include:    1. _Homogeneous, thin, white or gray discharge_ that coats the vaginal walls  2. _pH of vaginal fluid > 4.5_ (normal pH is < 4.5)  3. _Presence of clue cells_ (vaginal epithelial cells with adherent bacteria) on microscopic examination  4. _Positive whiff test_ (release of a strong fishy odor when vaginal discharge is mixed with potassium hydroxide)    To diagnose BV, at least three of the four Amsel criteria must be present.        - Clue cells are a key diagnostic feature, as they indicate the presence of Gardnerella vaginalis and other anaerobic bacteria.  - The whiff test is not always positive, but it can support the diagnosis.  - Vaginal pH testing can help rule out other conditions, such as trichomoniasis or yeast infections.
What are the leading causes of vaginal discharge in reproductive age African women seen in gynaecology practice	The leading causes of vaginal discharge in reproductive age African women seen in gynecology practice include:    1. _Bacterial vaginosis_ (BV): Caused by an imbalance of vaginal bacteria.  2. _Trichomoniasis_: A sexually transmitted infection (STI) caused by Trichomonas vaginalis.  3. _Candidiasis_: A fungal infection caused by Candida albicans.  4. _Cervicitis_: Inflammation of the cervix, often caused by STIs like chlamydia or gonorrhea.  5. _Pelvic inflammatory disease_ (PID): Infection of the reproductive organs, often caused by STIs.  6. _Vaginal trichomoniasis_: An STI caused by Trichomonas vaginalis.  7. _Chlamydia_: An STI caused by Chlamydia trachomatis.  8. _Gonorrhea_: An STI caused by Neisseria gonorrhoeae.  9. _Vaginal atrophy_: Thinning and drying of vaginal tissues due to hormonal changes.  10. _Foreign body_: Presence of an object in the vagina, such as a forgotten tampon.  11. _Cervical ectopy_: A condition where the cervical cells grow outside the cervix.  12. _Vaginal infections_ caused by other microorganisms like E. coli, Staphylococcus aureus, and Haemophilus influenzae.
What are the types of placenta previa and what is the treatment option for each	There are four types of placenta previa, classified based on the location and extent of placental coverage of the internal cervical os:    1. *Type 1: Low-lying placenta*      - Placenta is located near the internal os, but does not cover it.      - Treatment: Expectant management, vaginal delivery possible.  2. *Type 2: Marginal placenta previa*      - Placenta covers the internal os partially.      - Treatment: Expectant management, vaginal delivery possible, but may require cesarean section.  3. *Type 3: Partial placenta previa*      - Placenta covers the internal os partially, but extends into the cervical canal.      - Treatment: Cesarean section recommended, as vaginal delivery may cause severe bleeding.  4. *Type 4: Complete placenta previa*      - Placenta completely covers the internal os and extends into the cervical canal.      - Treatment: Cesarean section necessary, as vaginal delivery is not possible.    Additional treatment options may include:    - *Corticosteroids*: To promote fetal lung maturity in case of preterm delivery.  - *Tocolytics*: To delay delivery in case of preterm labor.  - *Blood transfusions*: To manage excessive bleeding.  - *Bed rest*: To reduce bleeding and promote fetal growth.  - *Pelvic rest*: Avoiding intercourse, tampons, and vaginal exams to reduce bleeding risk.
Define antepartum Hemorrhage and state why it is common amongst Africans	Antepartum hemorrhage (APH) is defined as vaginal bleeding that occurs after the 28th week of gestation, but before labor begins. It is a serious complication of pregnancy that can threaten the life of both the mother and the fetus.    APH is common amongst Africans due to various factors, including:    1. _High prevalence of hypertension and preeclampsia_: These conditions increase the risk of placental abruption, a leading cause of APH.  2. _Poor access to prenatal care_: Inadequate monitoring and delayed diagnosis of pregnancy complications contribute to APH.  3. _High incidence of malaria and anemia_: These conditions can lead to placental insufficiency and increase the risk of APH.  4. _Genetic predisposition_: Women of African descent are more likely to have inherited bleeding disorders, such as sickle cell disease.  5. _Limited access to blood transfusion services_: Inadequate blood supply and lack of compatible blood types can worsen APH outcomes.  6. _Poor nutritional status_: Inadequate nutrition can contribute to anemia and poor pregnancy outcomes.  7. _High parity and short inter-pregnancy intervals_: These factors increase the risk of placental abruption and APH.  8. _Limited availability of emergency obstetric care_: Delays in receiving timely and appropriate care can worsen APH outcomes.    These factors contribute to the higher incidence of APH amongst African women, highlighting the need for improved prenatal care, access to emergency obstetric services, and addressing underlying health conditions.
Mention the techniques used to reduce blood loss during myomectomy	Techniques used to reduce blood loss during myomectomy include:    1. _Preoperative GnRH agonists_: To shrink fibroids and reduce bleeding.  2. _Intraoperative vasopressin_: To constrict blood vessels and reduce bleeding.  3. _Tourniquet or rubber band_: To occlude blood flow to the uterus.  4. _Uterine artery ligation_: To reduce blood flow to the uterus.  5. _Temporary clipping of uterine arteries_: To control bleeding.  6. _Electrosurgical coagulation_: To cauterize bleeding vessels.  7. _Suture ligation_: To ligate bleeding vessels.  8. _Hemostatic agents_: To promote clotting and reduce bleeding.  9. _Uterine compression sutures_: To compress the uterus and reduce bleeding.  10. _Intraoperative cell salvage_: To recover and reinfuse blood lost during surgery.  11. _Preoperative autologous blood donation_: To have patient's own blood available for transfusion.  12. _Intraoperative tranexamic acid_: To reduce fibrinolysis and promote clotting.    These techniques can be used alone or in combination to minimize blood loss during myomectomy.
List the suture lines of the fetal skull and their corresponding bordering bones	the suture lines of the fetal skull and their corresponding bordering bones:    1. _Metopic suture_: Frontal bone (interfrontal suture)  2. _Coronal suture_: Frontal bone and parietal bone  3. _Sagittal suture_: Parietal bones (interparietal suture)  4. _Lambdoid suture_: Parietal bone and occipital bone  5. _Occipitomastoid suture_: Occipital bone and mastoid part of temporal bone  6. _Sphenofrontal suture_: Sphenoid bone and frontal bone  7. _Sphenoparietal suture_: Sphenoid bone and parietal bone  8. _Sphenotemporal suture_: Sphenoid bone and temporal bone  9. _Sphenosquamosal suture_: Sphenoid bone and squamous part of temporal bone  10. _Petrosquamosal suture_: Petrous part of temporal bone and squamous part of temporal bone  11. _Intermaxillary suture_: Maxilla bones (intermaxillary suture)  12. _Internasal suture_: Nasal bones (internasal suture)  13. _Nasofrontal suture_: Nasal bone and frontal bone  14. _Zygomaticofrontal suture_: Zygomatic bone and frontal bone  15. _Zygomaticotemporal suture_: Zygomatic bone and temporal bone  16. _Zygomaticomaxillary suture_: Zygomatic bone and maxilla bone  17. _Frontonasal suture_: Frontal bone and nasal bone  18. _Parietomastoid suture_: Parietal bone and mastoid part of temporal bone
What are the causes of primary amenorrhea and the causes of secondary amenorrhea	*Primary Amenorrhea:*    Primary amenorrhea is the absence of menstruation in a woman by the age of 16, or by 14 if there are no secondary sexual characteristics. Causes include:    1. *Genetic disorders*: Turner syndrome, Klinefelter syndrome, and androgen insensitivity syndrome.  2. *Hormonal imbalances*: Hypothalamic or pituitary gland problems, thyroid disorders, or adrenal gland disorders.  3. *Reproductive system abnormalities*: Uterine or vaginal agenesis, imperforate hymen, or cervical stenosis.  4. *Developmental disorders*: Müllerian agenesis or Mayer-Rokitansky-Küster-Hauser syndrome.  5. *Chromosomal abnormalities*: 46,XY gonadal dysgenesis or Swyer syndrome.    *Secondary Amenorrhea:*    Secondary amenorrhea is the absence of menstruation for 3-6 months in a woman who has previously menstruated. Causes include:    1. *Hormonal imbalances*: Polycystic ovary syndrome (PCOS), thyroid disorders, or hyperprolactinemia.  2. *Pregnancy or breastfeeding*: Amenorrhea can occur during pregnancy or breastfeeding.  3. *Weight changes*: Significant weight gain or loss, or eating disorders.  4. *Stress or emotional factors*: Stress, anxiety, or depression.  5. *Medications*: Birth control pills, antidepressants, or antipsychotics.  6. *Reproductive system disorders*: Asherman's syndrome, endometrial scarring, or cervical stenosis.  7. *Pituitary gland problems*: Tumors or inflammation.  8. *Hypothalamic disorders*: Tumors, inflammation, or congenital conditions.  9. *Ovarian failure*: Premature ovarian failure or menopause.  10. *Other medical conditions*: Diabetes, celiac disease, or autoimmune disorders.
What are the protective factors for ovarian cancer for women in Nigeria	Protective factors for ovarian cancer in women in Nigeria include:    1. _Early childbearing_: Women who have their first child before age 25 have a lower risk.  2. _Multiple pregnancies_: Women who have had multiple pregnancies have a lower risk.  3. _Breastfeeding_: Breastfeeding for at least 12 months can reduce the risk.  4. _Tubal ligation_: Women who have had their tubes tied have a lower risk.  5. _Hysterectomy_: Women who have had a hysterectomy have a lower risk.  6. _Oral contraceptive use_: Using oral contraceptives for at least 5 years can reduce the risk.  7. _Healthy diet_: A diet rich in fruits, vegetables, and whole grains may reduce the risk.  8. _Regular exercise_: Regular physical activity may reduce the risk.  9. _Maintaining a healthy weight_: Being overweight or obese increases the risk.  10. _Avoiding talcum powder_: Using talcum powder in the genital area may increase the risk.  11. _Genetic testing and counseling_: Women with a family history of ovarian cancer may benefit from genetic testing and counseling.  12. _Screening_: Regular screening with transvaginal ultrasound and CA-125 blood tests may help detect ovarian cancer early.    It's essential to note that these protective factors may not completely eliminate the risk of ovarian cancer, and women should be aware of the symptoms and seek medical attention if they experience any unusual signs or symptoms.    In Nigeria, cultural and socioeconomic factors may influence the adoption of these protective factors. Therefore, public health initiatives should focus on education, awareness, and access to healthcare services to reduce the burden of ovarian cancer.
What are the unique differences between ovarian and cervical cancer   Which is commoner in Africa	Ovarian and cervical cancer are both gynecological cancers, but they have distinct differences:    *Ovarian Cancer:*    1. *Origin*: Arises from ovarian tissue  2. *Symptoms*: Vague, e.g., bloating, abdominal pain, weight loss  3. *Screening*: No effective screening test available  4. *Treatment*: Surgery, chemotherapy, targeted therapy  5. *Prognosis*: Poor, due to late diagnosis    *Cervical Cancer:*    1. *Origin*: Arises from cervical tissue  2. *Symptoms*: Abnormal bleeding, pelvic pain, discharge  3. *Screening*: Pap smear and HPV test available  4. *Treatment*: Surgery, radiation therapy, chemotherapy  5. *Prognosis*: Better, due to early detection and treatment    In Africa, *cervical cancer* is more common due to:    1. *High prevalence of HPV*  2. *Limited access to screening and vaccination*  3. *Low awareness and education*  4. *Weak healthcare systems*  5. *High incidence of HIV/AIDS* (which increases the risk of cervical cancer)    According to the World Health Organization (WHO), cervical cancer is the second most common cancer in women in Africa, with an estimated 34.8 cases per 100,000 women per year. Ovarian cancer incidence in Africa is lower, with an estimated 4.8 cases per 100,000 women per year.    It's essential to note that both cancers have a significant impact on women's health in Africa, and efforts should be made to improve awareness, screening, and treatment options to reduce the burden of these diseases.
Why is multiple gestation commoner in African women and what are the complications of multiple gestation	Multiple gestation is more common in African women due to various factors, including:    1. _Genetics_: African women are more likely to have a family history of twins, which increases their chances of having multiples.  2. _Hormonal influences_: African women tend to have higher levels of follicle-stimulating hormone (FSH), which can stimulate the release of multiple eggs during ovulation.  3. _Diet and lifestyle_: A diet rich in certain nutrients, such as folic acid and cassava, may increase the likelihood of releasing multiple eggs.  4. _Higher fertility rates_: African women tend to have higher fertility rates, which increases the chances of conceiving multiples.    Complications of multiple gestation include:    1. _Preterm labor and delivery_  2. _Low birth weight and small size_  3. _Gestational diabetes and hypertension_  4. _Preeclampsia and eclampsia_  5. _Placenta previa and abruption_  6. _Fetal growth restriction and discordance_  7. _Birth defects and chromosomal abnormalities_  8. _Cesarean delivery and surgical complications_  9. _Postpartum depression and anxiety_  10. _Increased risk of maternal and fetal mortality_    Additionally, multiple gestation increases the risk of:    1. _Twin-to-twin transfusion syndrome_  2. _Twin anemia-polycythemia sequence_  3. _Selective fetal growth restriction_  4. _Umbilical cord abnormalities_  5. _Placental insufficiency_    It's crucial for women carrying multiples to receive regular prenatal care and monitoring to minimize these risks and ensure a healthy pregnancy and delivery.
What is multiple gestation and what are the risk factors	Multiple gestation, also known as multiple pregnancy, refers to the presence of two or more fetuses in the womb during a single pregnancy. The risk factors for multiple gestation include:    1. *Family history*: Having a family history of twins or multiple births.  2. *Race*: Women of West African descent are more likely to have twins.  3. *Age*: Women over 35 years old, especially those between 40-45 years old.  4. *Fertility treatments*: Assisted reproductive technologies like IVF, IUI, and ovulation induction.  5. *Multiple pregnancies in the past*: Women who have had multiple pregnancies before are more likely to have another multiple gestation.  6. *Body type*: Women who are taller or have a higher body mass index (BMI) are more likely to conceive multiples.  7. *Breastfeeding*: Women who are breastfeeding and become pregnant are more likely to conceive multiples.  8. *Genetics*: Some women may be more likely to conceive multiples due to genetic factors.  9. *Hormonal factors*: Women with polycystic ovary syndrome (PCOS) or other hormonal imbalances may be more likely to conceive multiples.    The risks associated with multiple gestation include:    1. *Preterm labor*  2. *Low birth weight*  3. *Gestational diabetes*  4. *Hypertension*  5. *Preeclampsia*  6. *Placenta previa*  7. *Fetal growth restriction*  8. *Birth defects*  9. *Cesarean delivery*  10. *Postpartum depression*    It's essential for women carrying multiples to receive regular prenatal care and monitoring to minimize these risks.
What are the screening tests and diagnostic methods for cervical intraepithelial neoplasm	The following are screening tests and diagnostic methods for cervical intraepithelial neoplasm (CIN):    Screening Tests:    1. _Pap Smear (Papanicolaou Test)_: A routine test that examines cervical cells for abnormalities.  2. _Human Papillomavirus (HPV) Test_: Detects high-risk HPV types in cervical cells.  3. _Co-testing_: Combination of Pap smear and HPV test.    Diagnostic Methods:    1. _Colposcopy_: A procedure using a colposcope to examine the cervix for abnormalities.  2. _Biopsy_: Removing a cervical tissue sample for examination.  3. _Endocervical Curettage (ECC)_: Scraping the cervical canal to collect tissue samples.  4. _Loop Electrosurgical Excision Procedure (LEEP)_: Removing abnormal cervical tissue using a wire loop.  5. _Cone Biopsy_: Removing a cone-shaped sample of cervical tissue.  6. _Imaging Tests_: Ultrasound, MRI, or CT scans to evaluate cervical lesions.  7. _Histopathology_: Examining tissue samples under a microscope for abnormal cell growth.    It's important to note that these tests and methods are used in combination to diagnose CIN and determine its severity, which helps guide appropriate treatment. Regular screening and early detection can prevent CIN from progressing to cervical cancer.
List the risk factors for cervical intraepithelial neoplasm amongst women in Nigeria	Cervical intraepithelial neoplasm (CIN) is a precancerous lesion that can potentially develop into cervical cancer. Risk factors for CIN amongst women in Nigeria include:    1. *Human Papillomavirus (HPV) infection*: High-risk HPV types 16, 18, 31, 33, and 45.  2. *Early sexual debut*: Engaging in sexual activity at a young age.  3. *Multiple sexual partners*: Having multiple sexual partners increases the risk of HPV infection.  4. *Weakened immune system*: Women with compromised immune systems, such as those living with HIV/AIDS.  5. *Smoking*: Tobacco smoking and exposure to secondhand smoke.  6. *Family history*: Having a first-degree relative (mother, sister, or daughter) with cervical cancer.  7. *Low socioeconomic status*: Limited access to healthcare, education, and screening services.  8. *Lack of cervical screening*: Not undergoing regular Pap smears or HPV tests.  9. *Age*: Women between 25 and 35 years old are at higher risk.  10. *Multiparity*: Having multiple pregnancies.  11. *Long-term use of oral contraceptives*: Using birth control pills for more than 5 years.  12. *Diethylstilbestrol (DES) exposure*: Women whose mothers used DES during pregnancy.  13. *Chlamydia trachomatis infection*: Untreated chlamydia infection.  14. *Vitamin deficiencies*: Low levels of vitamins A, C, and E.  15. *Obesity*: Being overweight or obese.    It's important to note that many of these risk factors are interrelated, and addressing them can help reduce the burden of CIN and cervical cancer in Nigeria.
What are the Limitations of Laparoscopy in Nigeria	Laparoscopy, a minimally invasive surgical technique, has revolutionized healthcare globally. However, in Nigeria, there are limitations to its adoption and utilization. Some of the limitations include:    1. _Limited access to equipment_: High-quality laparoscopic equipment is often scarce or unaffordable in many Nigerian hospitals.    2. _Lack of trained professionals_: Surgeons and gynecologists with specialized training in laparoscopy are limited in number.    3. _Infrastructure challenges_: Inadequate electrical power supply, lack of suction machines, and limited operating room space hinder laparoscopic procedures.    4. _Cost constraints_: Laparoscopic surgery is often more expensive than open surgery, making it inaccessible to many Nigerians.    5. _Limited awareness_: Many patients and healthcare providers are unaware of the benefits and indications of laparoscopy.    6. _Technological limitations_: Limited access to advanced laparoscopic technologies like robotic-assisted surgery and single-incision laparoscopy.    7. _Maintenance and repair challenges_: Difficulty in maintaining and repairing laparoscopic equipment due to lack of technical expertise and spare parts.    8. _Energy crisis_: Frequent power outages can interrupt laparoscopic procedures, compromising patient safety.    9. _Limited availability of laparoscopic consumables_: Difficulty in sourcing high-quality laparoscopic instruments and consumables.    10.     - Cultural and religious beliefs*: Some patients may prefer open surgery due to cultural or religious beliefs.    Addressing these limitations is crucial to increasing access to laparoscopy in Nigeria and improving healthcare outcomes.
Write on the the use of Laparoscopy in morden day medicine	Laparoscopy is a minimally invasive surgical technique that has revolutionized modern medicine. This procedure involves inserting a laparoscope, a thin tube with a camera and light, through small incisions in the abdomen to visualize internal organs and perform surgeries.    The benefits of laparoscopy are numerous:    1. *Less pain*: Smaller incisions result in reduced pain and scarring.  2. *Faster recovery*: Patients can return to their normal activities sooner.  3. *Reduced risk of complications*: Less chance of infection, bleeding, and adhesions.  4. *Improved visualization*: High-definition cameras provide a clear view of internal structures.  5. *Minimally invasive*: Reduced trauma to surrounding tissues and organs.    Laparoscopy is widely used in various medical specialties:    1. *Gynecology*: Ectopic pregnancy treatment, hysterectomy, endometriosis management.  2. *General Surgery*: Appendectomy, cholecystectomy, hernia repair.  3. *Urology*: Prostate surgery, kidney stone removal, bladder cancer treatment.  4. *Oncology*: Cancer staging, tumor resection, biopsy.  5. *Bariatric Surgery*: Weight loss surgery, gastric bypass, sleeve gastrectomy.    Advances in laparoscopy include:    1. *Robotic-assisted laparoscopy*: Enhanced precision and dexterity.  2. *Single-incision laparoscopy*: Reduced scarring and pain.  3. *Natural orifice transluminal endoscopic surgery (NOTES)*: Scarless surgery through natural orifices.    In conclusion, laparoscopy has transformed modern medicine by providing a safer, less invasive, and more effective approach to surgery. Its applications continue to expand, improving patient outcomes and quality of life.
What is the ratio of maternal mortality in various African countries	Maternal Mortality in Africa    Maternal mortality remains a significant public health concern in Africa, where the majority of global maternal deaths occur. The continent faces numerous challenges in reducing maternal mortality, including:    _Risk Factors:_    1. _Limited access to healthcare_: Many women in Africa lack access to quality healthcare services, particularly in rural areas.  2. _Poor healthcare infrastructure_: Inadequate facilities, equipment, and trained healthcare professionals contribute to the high maternal mortality rate.  3. _Hypertension and diabetes_: Prevalence of these conditions is increasing in Africa, leading to complications during pregnancy and childbirth.  4. _Malnutrition and anemia_: Widespread malnutrition and anemia among pregnant women increase the risk of maternal death.  5. _Child marriage and early pregnancy_: Young mothers are more likely to experience complications during pregnancy and childbirth.  6. _HIV/AIDS_: The high prevalence of HIV/AIDS in some African countries increases the risk of maternal mortality.  7. _Cultural beliefs and practices_: In some communities, traditional beliefs and practices may delay or prevent women from seeking medical care during pregnancy and childbirth.    _Country-Specific Estimates:_    1. _Nigeria_: 821 deaths per 100,000 live births  2. _South Africa_: 134 deaths per 100,000 live births  3. _Democratic Republic of the Congo_: 693 deaths per 100,000 live births  4. _Ethiopia_: 401 deaths per 100,000 live births  5. _Kenya_: 342 deaths per 100,000 live births  6. _Tanzania_: 398 deaths per 100,000 live births  7. _Ghana_: 145 deaths per 100,000 live births  8. _Mozambique_: 489 deaths per 100,000 live births  9. _Uganda_: 336 deaths per 100,000 live births  10. _Mali_: 587 deaths per 100,000 live births  11. _Zambia_: 224 deaths per 100,000 live births  12. _Zimbabwe_: 443 deaths per 100,000 live births  13. _Rwanda_: 210 deaths per 100,000 live births  14. _Botswana_: 129 deaths per 100,000 live births  15. _Namibia_: 150 deaths per 100,000 live births
Reasons for obstructed labour amongst Nigerian women	Obstructed labor is a leading cause of maternal and fetal morbidity and mortality in Nigeria. Some reasons for obstructed labor amongst Nigerian women include:    1. cephalopelvic disproportion (CPD): When the baby's head or body is too large to pass through the mother's pelvis.    2. Prolonged labor: Labor that lasts beyond 12 hours can lead to obstruction.    3. Malposition: Abnormal position of the baby, such as a breech presentation.    4. Pelvic abnormalities: Congenital or acquired deformities of the pelvis.    5. Uterine anomalies: Abnormalities in the shape or structure of the uterus.    6. Fibroids: Large fibroids can obstruct the birth canal.    7. Previous uterine surgery or scar: Adhesions or scars from previous surgeries can cause obstruction.    8. High parity: Women who have had multiple births are at higher risk.    9. Age: Teenagers and women over 35 years old are at higher risk.    10. Lack of access to quality healthcare: Delayed or inadequate medical care can contribute to obstructed labor.    11. Cultural beliefs: In some communities, women may avoid medical care due to cultural or traditional beliefs.    12. Nutritional deficiencies: Poor nutrition and micronutrient deficiencies can contribute to obstructed labor.    Addressing these factors through improved access to quality healthcare, education, and nutrition can help reduce the incidence of obstructed labor in Nigerian women.
How has abruption placenta been relatively problematic in pregnant women in Africa	Placental abruption, also known as abruptio placentae, is a serious pregnancy complication where the placenta partially or completely separates from the uterus, depriving the baby of oxygen and nutrients. In African women, placental abruption is a significant concern due to various factors:    1. High prevalence: Placental abruption is more common in African women, especially in sub-Saharan Africa, due to limited access to quality healthcare and high rates of hypertension and diabetes.    2. Maternal mortality: Placental abruption is a leading cause of maternal mortality in Africa, accounting for up to 15% of pregnancy-related deaths.    3. Risk factors: African women are more likely to experience risk factors such as:      - Hypertension      - Diabetes      - Multiple pregnancies      - Advanced maternal age      - History of previous uterine surgery or cesarean section    4. Limited access to care: In many African countries, women may not have access to timely and adequate medical care, leading to delayed diagnosis and treatment.    5. Cultural beliefs: In some African cultures, women may delay seeking medical attention due to traditional beliefs or fear of hospitalization.    6. Nutritional factors: Poor nutrition and micronutrient deficiencies, common in some African regions, may contribute to placental abruption.    7. HIV/AIDS: The high prevalence of HIV/AIDS in some African countries increases the risk of placental abruption.    It is essential to address these factors through:    1. Improving access to quality healthcare  2. Enhancing maternal health education  3. Encouraging early prenatal care  4. Managing hypertension and diabetes  5. Providing nutritional support  6. Addressing cultural beliefs and fears    By tackling these challenges, we can reduce the incidence of placental abruption and improve maternal and fetal outcomes in African women.
Write on the impact of gestational diabetes on African women	Gestational diabetes is a type of diabetes that develops during pregnancy, usually in the second or third trimester. It is caused by hormonal changes and insulin resistance, which can lead to high blood sugar levels.    Risk factors:    - Obesity. Most africans live a sedentary life style and are mostly obesed    - Family history of diabetes,, commonly seen in Africa     - Previous history of gestational diabetes    - Age over 35, African women mostly are seen to get married from the ages of 30 due to financial and traditional beliefs     - Multiple pregnancy,, an average African family wants a home of least 5 children     Symptoms:    - Increased thirst and urination  - Fatigue  - Blurred vision  - Slow healing of cuts and wounds    Complications:    - Macrosomia (large baby)  - Preterm labor  - Cesarean delivery  - Hypoglycemia (low blood sugar) in the baby  - Increased risk of type 2 diabetes after pregnancy    Management:    - Dietary changes (healthy eating)  - Exercise (regular physical activity)  - Blood sugar monitoring  - Insulin therapy (if necessary)    With proper management, most women with gestational diabetes can have a healthy pregnancy and delivery.
Write briefly on pelvic inflammatory disease stating why it is common in African teenagers	Pelvic Inflammatory Disease (PID) is a bacterial infection that affects the female reproductive organs, including the uterus, fallopian tubes, and ovaries. It is often caused by untreated sexually transmitted infections (STIs) like chlamydia and gonorrhea.    Symptoms:    - Lower abdominal pain  - Abnormal vaginal discharge  - Fever  - Painful urination  - Painful sex  - Irregular menstrual bleeding    Complications:    - Infertility  - Ectopic pregnancy  - Chronic pelvic pain  - Abscesses  - Increased risk of HIV transmission    Treatment:    - Antibiotics to clear the infection  - Pain management  - Rest and avoiding strenuous activities  - Avoiding sexual intercourse until treatment is completed  - Partner treatment to prevent re-infection    Early diagnosis and treatment are crucial to prevent long-term complications and infertility. If you suspect PID, consult a healthcare provider promptly.    Reasons why it is common in teenage Africans include   Poverty which in most cases lead teachers to prostitution hence having multiple sexual partners   More reasons include negligence ignorance on the use of barrier contraceptives and safe sex practices
What is placenta praevia,  causes/risk factors, Types,  Symptoms,   Treatment   And why is it common in Nigerian women	Placenta praevia is a pregnancy complication where the placenta partially or completely covers the cervix, the lower part of the uterus that opens into the vagina. This can cause:    - Bleeding during pregnancy and delivery  - Premature birth  - Fetal distress  - Maternal hemorrhage    Types:    - Placenta praevia marginalis: Placenta is near but not covering the cervix  - Placenta praevia partialis: Placenta partially covers the cervix  - Placenta praevia totalis: Placenta completely covers the cervix    Causes and risk factors:    - Multiple pregnancy  - Previous uterine surgery or cesarean section  - Advanced maternal age  - Smoking    Symptoms:    - Painless vaginal bleeding  - Abdominal pain  - Fetal distress    Treatment:    - Bed rest and monitoring  - Corticosteroids to promote fetal lung maturity  - Cesarean delivery if necessary    Prompt medical attention is essential to ensure the health and safety of both mother and baby.    It is common in Nigerian women due to their poor hospital seeking behavior and local harmful traditional practices as well as ignorance and illiteracy
